id;line_1_building_number;line_street_number;line_locality;city;zip_postcode;state;country
1;models CFP Franc Human;Quality;Frozen hacking Home Loan Account;Lake Ofelia;navigating Solutions;Handcrafted Concrete Chicken Architect South Dakota;Tanzania
2;Michigan Cambridgeshire Pants;convergence;Health copy;New Chadrick;override Chair Credit Card Account;Developer;China
3;Chile;Tuna index;Berkshire invoice China;Richiemouth;solution Incredible capacitor;circuit hacking;Ecuador
4;Timor-Leste;grow override Personal Loan Account;driver Alaska contextually-based;Amanifort;Human ubiquitous initiative;Personal Loan Account;Nauru
5;program Shoes optical;Rustic Cotton Shoes systemic alarm;Cayman Islands Dollar;Camrynfort;morph bus;azure projection calculating;Bangladesh
6;JBOD invoice;quantify blue motivating;Auto Loan Account Administrator Luxembourg;Barrettmouth;Industrial Identity;calculate Credit Card Account calculating;Christmas Island
7;payment multi-tasking Tasty;time-frame;evolve Architect;Christaburgh;deposit;Principal payment;Trinidad and Tobago
8;calculating;Advanced;Cameroon circuit navigating;West Everettshire;generating purple;alarm;Senegal
9;COM;Gorgeous Plastic Car Cambridgeshire;primary;Hickleshire;Haven Marketing;Gold;New Zealand
10;back up implement Profound;azure compress asynchronous;integrated optimize infrastructures;Waterston;visionary Rustic Soft Tuna olive;Awesome Steel Table;Nigeria
